primer,Achlya,Albugo,Aphanomyces,Bremia,Halophytophthora,Hyaloperonospora,Lagenidium,Peronosclerospora,Peronospora,Phytophthora,Phytopythium,Plasmopara,Pseudoperonospora,Pythium,Salisapilia,Saprolegnia,Sclerospora,Thraustotheca
GTTGGTTAGAGCAAAAGACT + ATGCTTAGAAAGATTCGAACT,0,0,0,0,0,0,0,0,0,0,0,1,0,0,0,0,0,0
GTTGGTTAGAGTAAAAGACT + ATACTTAGAAAGATTTGAACT,0,0,1,0,0,0,0,0,0,0,0,0,0,0,0,0,0,0
GTTGGTTAGAGTAAAAGACT + ATGCCTAGAAAGACTCGAACT,0,0,0,0,0,0,0,0,0,3,0,0,0,0,0,0,0,0
GTTGGTTAGAGTAAAAGACT + ATGCCTAGAAAGATTCGAACT,0,0,0,0,0,0,0,0,0,0,1,0,0,0,0,0,0,0
GTTGGTTAGAGTAAAAGACT + ATGCTTAGAAAGACTCGAACT,0,0,0,0,0,0,1,0,1,32,1,0,2,20,1,0,0,0
GTTGGTTAGAGTAAAAGACT + ATGCTTAGAAAGACTTGAACT,0,0,0,0,0,0,0,0,0,2,1,0,0,0,0,0,1,0
GTTGGTTAGAGTAAAAGACT + ATGCTTAGAAAGATTCGAACT,0,1,0,1,5,1,1,4,5,10,12,2,0,106,1,0,0,0
GTTGGTTAGAGTAAAAGACT + ATGCTTAGAAAGATTTGAACT,1,0,8,0,0,0,0,0,0,4,1,0,0,2,0,3,0,1
GTTGGTTAGAGTAAAAGACT + ATGTTTAGAAAGATTCGAACT,0,0,0,0,0,0,0,0,0,1,0,1,0,0,0,0,0,0
GTTGGTTAGAGTAGAAGACT + ATGCTTAGAAAGATTCGAACT,0,0,0,0,0,0,0,0,0,0,0,0,0,8,0,0,0,0
